[
  {
    "completions": [
      {
        "id": 1,
        "lead_time": 29.289,
        "result": [
          {
            "from_name": "choice",
            "id": "ThzEZzQfRO",
            "to_name": "img",
            "type": "choices",
            "value": {
              "choices": [
                "Fantasy"
              ]
            }
          }
        ]
      }
    ],
    "data": {
      "image_url": "https://inft.github.io/INFTWebToon/komik/MageAndDemonQueen/MageAndDemonQueen-pisode1/MageAndDemonQueen-pisode1-1.PNG"
    },
    "id": 0
  },
  {
    "completions": [
      {
        "id": 1001,
        "lead_time": 16.542,
        "result": [
          {
            "from_name": "choice",
            "id": "jo3VZ8Su4v",
            "to_name": "img",
            "type": "choices",
            "value": {
              "choices": [
                "Fantasy"
              ]
            }
          }
        ]
      }
    ],
    "data": {
      "image_url": "https://inft.github.io/INFTWebToon/komik/MageAndDemonQueen/MageAndDemonQueen-pisode1/MageAndDemonQueen-pisode1-2.PNG"
    },
    "id": 1
  },
  {
    "completions": [
      {
        "id": 2001,
        "result": [],
        "skipped": true
      },
      {
        "id": 2002,
        "result": [],
        "skipped": true
      }
    ],
    "data": {
      "image_url": "https://inft.github.io/INFTWebToon/komik/MageAndDemonQueen/MageAndDemonQueen-pisode1/MageAndDemonQueen-pisode1-3.PNG"
    },
    "id": 2
  },
  {
    "completions": [
      {
        "id": 3001,
        "lead_time": 6.445,
        "result": [
          {
            "from_name": "choice",
            "id": "ADb0dGAwEq",
            "to_name": "img",
            "type": "choices",
            "value": {
              "choices": [
                "Lucu"
              ]
            }
          }
        ]
      }
    ],
    "data": {
      "image_url": "https://inft.github.io/INFTWebToon/komik/MageAndDemonQueen/MageAndDemonQueen-pisode1/MageAndDemonQueen-pisode1-4.PNG"
    },
    "id": 3
  },
  {
    "completions": [
      {
        "id": 4001,
        "lead_time": 28.172,
        "result": [
          {
            "from_name": "choice",
            "id": "vaXCA2TQDW",
            "to_name": "img",
            "type": "choices",
            "value": {
              "choices": [
                "Lucu"
              ]
            }
          }
        ]
      }
    ],
    "data": {
      "image_url": "https://inft.github.io/INFTWebToon/komik/MageAndDemonQueen/MageAndDemonQueen-pisode1/MageAndDemonQueen-pisode1-5.PNG"
    },
    "id": 4
  }
]