[
  {
    "completions": [
      {
        "id": 1001,
        "lead_time": 40.66,
        "result": [
          {
            "from_name": "choice",
            "id": "WyNcM4oN40",
            "to_name": "img",
            "type": "choices",
            "value": {
              "choices": [
                "Fantasy"
              ]
            }
          }
        ]
      }
    ],
    "data": {
      "image_url": "https://inft.github.io/INFTWebToon/komik/MageAndDemonQueen/MageAndDemonQueen-pisode1/MageAndDemonQueen-pisode1-1.PNG"
    },
    "id": 1
  }
]